song_id,artist_id,name
55511,101,Perfect
45202,101,Shape of You
22222,120,One Dance
19960,120,Hotline Bling
33333,125,TitMePregunt
33334,125,Moscow Mule
44444,130,Anti-Hero
44445,130,Blank Space
55555,135,Blinding Lights
55556,135,Starboy
60000,101,Song_60000
60001,101,Song_60001
60002,101,Song_60002
60003,101,Song_60003
60004,101,Song_60004
60005,101,Song_60005
60006,101,Song_60006
60007,101,Song_60007
60008,101,Song_60008
60009,101,Song_60009
60010,120,Song_60010
60011,120,Song_60011
60012,120,Song_60012
60013,120,Song_60013
60014,120,Song_60014
60015,120,Song_60015
60016,120,Song_60016
60017,120,Song_60017
60018,120,Song_60018
60019,120,Song_60019
60020,125,Song_60020
60021,125,Song_60021
60022,125,Song_60022
60023,125,Song_60023
60024,125,Song_60024
60025,125,Song_60025
60026,125,Song_60026
60027,125,Song_60027
60028,125,Song_60028
60029,125,Song_60029
60030,130,Song_60030
60031,130,Song_60031
60032,130,Song_60032
60033,130,Song_60033
60034,130,Song_60034
60035,130,Song_60035
60036,130,Song_60036
60037,130,Song_60037
60038,130,Song_60038
60039,130,Song_60039
60040,135,Song_60040
60041,135,Song_60041
60042,135,Song_60042
60043,135,Song_60043
60044,135,Song_60044
60045,135,Song_60045
60046,135,Song_60046
60047,135,Song_60047
60048,135,Song_60048
60049,135,Song_60049
60050,164,Song_60050
60051,120,Song_60051
60052,184,Song_60052
60053,170,Song_60053
60054,170,Song_60054
60055,143,Song_60055
60056,135,Song_60056
60057,169,Song_60057
60058,179,Song_60058
60059,156,Song_60059
60060,176,Song_60060
60061,182,Song_60061
60062,168,Song_60062
60063,150,Song_60063
60064,158,Song_60064
60065,160,Song_60065
60066,167,Song_60066
60067,145,Song_60067
60068,141,Song_60068
60069,152,Song_60069
60070,156,Song_60070
60071,157,Song_60071
60072,147,Song_60072
60073,173,Song_60073
60074,155,Song_60074
60075,173,Song_60075
60076,154,Song_60076
60077,147,Song_60077
60078,162,Song_60078
60079,153,Song_60079
60080,162,Song_60080
60081,155,Song_60081
60082,171,Song_60082
60083,181,Song_60083
60084,183,Song_60084
60085,164,Song_60085
60086,175,Song_60086
60087,101,Song_60087
60088,145,Song_60088
60089,178,Song_60089
60090,159,Song_60090
60091,145,Song_60091
60092,167,Song_60092
60093,179,Song_60093
60094,161,Song_60094
60095,179,Song_60095
60096,145,Song_60096
60097,147,Song_60097
60098,141,Song_60098
60099,160,Song_60099
60100,156,Song_60100
60101,181,Song_60101
60102,101,Song_60102
60103,143,Song_60103
60104,162,Song_60104
60105,145,Song_60105
60106,168,Song_60106
60107,161,Song_60107
60108,178,Song_60108
60109,140,Song_60109
